train_loss_step,epoch,step,val_loss
0.909056544303894,0,49,
0.7709389328956604,0,99,
0.7259301543235779,0,149,
0.835139274597168,0,199,
0.9016547203063965,0,249,
0.8746224641799927,0,299,
0.976961076259613,0,349,
0.5481324791908264,0,399,
0.6964443922042847,0,449,
,0,480,0.7781378626823425
